kind,a,b,c,d,e,f,g,h,i,j
SKETCH,Main frame,KIN_COL_P,P,1080.7548,157.4804,-60.0000
SKETCH,Main frame,KIN_COL_AXIS,L,1147.8484,113.9092,-60.0000,745.2866,375.3360,-60.0000
SKETCH,Steering column,KIN_COL_P,P,-0.0000,-0.0000,0.0000
SKETCH,Steering column,KIN_COL_Q,P,-167.7341,108.9278,0.0000
SKETCH,Main frame,KIN_KPL_P,P,1181.1000,127.0000,-380.5000
SKETCH,Main frame,KIN_KPL_AXIS,L,1194.9919,48.2154,-380.5000,1167.2081,205.7846,-380.5000
SKETCH,Knuckle L,KIN_KP_P,P,1181.1000,127.0000,-380.5000
SKETCH,Knuckle L,KIN_KP_Q,P,1172.4176,176.2404,-380.5000
SKETCH,Pitman arm,KIN_TRL_IN,P,-49.0175,-84.4804,-10.0000
SKETCH,Tie rod L,KIN_IN,P,1031.7373,73.0000,-70.0000
SKETCH,Tie rod L,KIN_OUT,P,1030.1744,90.8633,-339.0781
SKETCH,Knuckle L,KIN_TR_OUT,P,1030.1744,90.8633,-339.0781
SKETCH,Main frame,KIN_KPR_P,P,1181.1000,127.0000,380.5000
SKETCH,Main frame,KIN_KPR_AXIS,L,1194.9919,48.2154,380.5000,1167.2081,205.7846,380.5000
SKETCH,Knuckle R,KIN_KP_P,P,1181.1000,127.0000,380.5000
SKETCH,Knuckle R,KIN_KP_Q,P,1172.4176,176.2404,380.5000
SKETCH,Pitman arm,KIN_TRR_IN,P,-49.0175,-84.4804,10.0000
SKETCH,Tie rod R,KIN_IN,P,1031.7373,73.0000,-50.0000
SKETCH,Tie rod R,KIN_OUT,P,1030.1744,90.8633,339.0781
SKETCH,Knuckle R,KIN_TR_OUT,P,1030.1744,90.8633,339.0781
SKETCH,Main frame,KIN_LIMIT,P,1150.2121,255.4353,-57.8702
SKETCH,Pitman arm,KIN_TIP,P,-49.0175,-84.4804,0.0000
FLOAT,Steering column
FLOAT,Steering wheel
FLOAT,Pitman arm
FLOAT,Knuckle L
FLOAT,Knuckle R
FLOAT,Tie rod L
FLOAT,Tie rod R
FLOAT,Tyre LF
FLOAT,Rim LF
FLOAT,Front hub LF
FLOAT,Tyre RF
FLOAT,Rim RF
FLOAT,Front hub RF
COINCIDENT,Steering column,KIN_COL_P,P,Main frame,KIN_COL_P,P
COINCIDENT,Steering column,KIN_COL_Q,P,Main frame,KIN_COL_AXIS,L
COINCIDENT,Knuckle L,KIN_KP_P,P,Main frame,KIN_KPL_P,P
COINCIDENT,Knuckle L,KIN_KP_Q,P,Main frame,KIN_KPL_AXIS,L
COINCIDENT,Knuckle R,KIN_KP_P,P,Main frame,KIN_KPR_P,P
COINCIDENT,Knuckle R,KIN_KP_Q,P,Main frame,KIN_KPR_AXIS,L
LOCK,Steering wheel,Steering column
LOCK,Pitman arm,Steering column
LOCK,Front hub LF,Knuckle L
LOCK,Rim LF,Knuckle L
LOCK,Tyre LF,Knuckle L
LOCK,Front hub RF,Knuckle R
LOCK,Rim RF,Knuckle R
LOCK,Tyre RF,Knuckle R
COINCIDENT,Tie rod L,KIN_IN,P,Pitman arm,KIN_TRL_IN,P
COINCIDENT,Tie rod L,KIN_OUT,P,Knuckle L,KIN_TR_OUT,P
COINCIDENT,Tie rod R,KIN_IN,P,Pitman arm,KIN_TRR_IN,P
COINCIDENT,Tie rod R,KIN_OUT,P,Knuckle R,KIN_TR_OUT,P
LIMIT,Pitman arm,KIN_TIP,Main frame,KIN_LIMIT,217.5396,197.5278,218.5480
