instance,part_number,file_stem,scope,step_relpath,xx,xy,xz,yx,yy,yz,zx,zy,zz,tx_mm,ty_mm,tz_mm,reference_only
Main frame,S10-FRM-01,S10-FRM-01_Main_frame_Wedge,style,parts/S10-FRM-01_Main_frame_Wedge.step,1.0,0.0,0.0,0.0,1.0,0.0,0.0,0.0,1.0,0.0,0.0,0.0,0
Floor pan,S10-BOD-10,S10-BOD-10_Floor_close_out_pan_2mm,style,parts/S10-BOD-10_Floor_close_out_pan_2mm.step,1.0,0.0,0.0,0.0,1.0,0.0,0.0,0.0,1.0,0.0,0.0,0.0,0
Front bumper,S10-BMP-01,S10-BMP-01_Front_bumper,style,parts/S10-BMP-01_Front_bumper.step,1.0,0.0,0.0,0.0,1.0,0.0,0.0,0.0,1.0,0.0,0.0,0.0,0
Rear bumper,S10-BMP-02,S10-BMP-02_Rear_bumper,style,parts/S10-BMP-02_Rear_bumper.step,1.0,0.0,0.0,0.0,1.0,0.0,0.0,0.0,1.0,0.0,0.0,0.0,0
Front bumper foam,S10-BMP-05,S10-BMP-05_Front_bumper_foam,style,parts/S10-BMP-05_Front_bumper_foam.step,1.0,0.0,0.0,0.0,1.0,0.0,0.0,0.0,1.0,0.0,0.0,0.0,0
Rear bumper foam,S10-BMP-06,S10-BMP-06_Rear_bumper_foam,style,parts/S10-BMP-06_Rear_bumper_foam.step,1.0,0.0,0.0,0.0,1.0,0.0,0.0,0.0,1.0,0.0,0.0,0.0,0
Side bumper left,S10-BMP-03,S10-BMP-03_Side_bumper_left,style,parts/S10-BMP-03_Side_bumper_left.step,1.0,0.0,0.0,0.0,1.0,0.0,0.0,0.0,1.0,0.0,0.0,0.0,0
Side bumper left foam,S10-BMP-07,S10-BMP-07_Side_bumper_left_foam,style,parts/S10-BMP-07_Side_bumper_left_foam.step,1.0,0.0,0.0,0.0,1.0,0.0,0.0,0.0,1.0,0.0,0.0,0.0,0
Side bumper right,S10-BMP-04,S10-BMP-04_Side_bumper_right,style,parts/S10-BMP-04_Side_bumper_right.step,1.0,0.0,0.0,0.0,1.0,0.0,0.0,0.0,1.0,0.0,0.0,0.0,0
Side bumper right foam,S10-BMP-08,S10-BMP-08_Side_bumper_right_foam,style,parts/S10-BMP-08_Side_bumper_right_foam.step,1.0,0.0,0.0,0.0,1.0,0.0,0.0,0.0,1.0,0.0,0.0,0.0,0
Front connector chassis tab S10-CON-01,S10-CON-01A,S10-CON-01A_Front_connector_chassis_tab,style,parts/S10-CON-01A_Front_connector_chassis_tab.step,1.0,0.0,0.0,0.0,1.0,0.0,0.0,0.0,1.0,0.0,0.0,0.0,0
Front connector bumper tab S10-CON-01,S10-CON-01B,S10-CON-01B_Front_connector_bumper_tab,style,parts/S10-CON-01B_Front_connector_bumper_tab.step,1.0,0.0,0.0,0.0,1.0,0.0,0.0,0.0,1.0,0.0,0.0,0.0,0
S10-CON-01 bolt 1,C-FST-01,C-FST-01_Bolt_M8x30_8_8_hex_Z,common,../common/parts/C-FST-01_Bolt_M8x30_8_8_hex_Z.step,1.0,0.0,0.0,0.0,1.0,0.0,0.0,0.0,1.0,1343.6262,87.0,-216.0,0
S10-CON-01 bolt 2,C-FST-01,C-FST-01_Bolt_M8x30_8_8_hex_Z,common,../common/parts/C-FST-01_Bolt_M8x30_8_8_hex_Z.step,1.0,0.0,0.0,0.0,1.0,0.0,0.0,0.0,1.0,1343.6262,113.0,-216.0,0
S10-CON-01 nut 1,C-FST-03,C-FST-03_Nut_M8_nyloc_Z,common,../common/parts/C-FST-03_Nut_M8_nyloc_Z.step,1.0,0.0,0.0,0.0,1.0,0.0,0.0,0.0,1.0,1343.6262,87.0,-200.0,0
S10-CON-01 nut 2,C-FST-03,C-FST-03_Nut_M8_nyloc_Z,common,../common/parts/C-FST-03_Nut_M8_nyloc_Z.step,1.0,0.0,0.0,0.0,1.0,0.0,0.0,0.0,1.0,1343.6262,113.0,-200.0,0
Front connector chassis tab S10-CON-02,S10-CON-02A,S10-CON-02A_Front_connector_chassis_tab,style,parts/S10-CON-02A_Front_connector_chassis_tab.step,1.0,0.0,0.0,0.0,1.0,0.0,0.0,0.0,1.0,0.0,0.0,0.0,0
Front connector bumper tab S10-CON-02,S10-CON-02B,S10-CON-02B_Front_connector_bumper_tab,style,parts/S10-CON-02B_Front_connector_bumper_tab.step,1.0,0.0,0.0,0.0,1.0,0.0,0.0,0.0,1.0,0.0,0.0,0.0,0
S10-CON-02 bolt 1,C-FST-01,C-FST-01_Bolt_M8x30_8_8_hex_Z,common,../common/parts/C-FST-01_Bolt_M8x30_8_8_hex_Z.step,1.0,0.0,0.0,0.0,1.0,0.0,0.0,0.0,1.0,1345.1541,87.0,84.0,0
S10-CON-02 bolt 2,C-FST-01,C-FST-01_Bolt_M8x30_8_8_hex_Z,common,../common/parts/C-FST-01_Bolt_M8x30_8_8_hex_Z.step,1.0,0.0,0.0,0.0,1.0,0.0,0.0,0.0,1.0,1345.1541,113.0,84.0,0
S10-CON-02 nut 1,C-FST-03,C-FST-03_Nut_M8_nyloc_Z,common,../common/parts/C-FST-03_Nut_M8_nyloc_Z.step,1.0,0.0,0.0,0.0,1.0,0.0,0.0,0.0,1.0,1345.1541,87.0,100.0,0
S10-CON-02 nut 2,C-FST-03,C-FST-03_Nut_M8_nyloc_Z,common,../common/parts/C-FST-03_Nut_M8_nyloc_Z.step,1.0,0.0,0.0,0.0,1.0,0.0,0.0,0.0,1.0,1345.1541,113.0,100.0,0
Rear connector chassis tab S10-CON-03,S10-CON-03A,S10-CON-03A_Rear_connector_chassis_tab,style,parts/S10-CON-03A_Rear_connector_chassis_tab.step,1.0,0.0,0.0,0.0,1.0,0.0,0.0,0.0,1.0,0.0,0.0,0.0,0
Rear connector bumper tab S10-CON-03,S10-CON-03B,S10-CON-03B_Rear_connector_bumper_tab,style,parts/S10-CON-03B_Rear_connector_bumper_tab.step,1.0,0.0,0.0,0.0,1.0,0.0,0.0,0.0,1.0,0.0,0.0,0.0,0
S10-CON-03 bolt 1,C-FST-01,C-FST-01_Bolt_M8x30_8_8_hex_Z,common,../common/parts/C-FST-01_Bolt_M8x30_8_8_hex_Z.step,1.0,0.0,0.0,0.0,1.0,0.0,0.0,0.0,1.0,-154.1219,117.0,-306.0,0
S10-CON-03 bolt 2,C-FST-01,C-FST-01_Bolt_M8x30_8_8_hex_Z,common,../common/parts/C-FST-01_Bolt_M8x30_8_8_hex_Z.step,1.0,0.0,0.0,0.0,1.0,0.0,0.0,0.0,1.0,-154.1219,143.0,-306.0,0
S10-CON-03 nut 1,C-FST-03,C-FST-03_Nut_M8_nyloc_Z,common,../common/parts/C-FST-03_Nut_M8_nyloc_Z.step,1.0,0.0,0.0,0.0,1.0,0.0,0.0,0.0,1.0,-154.1219,117.0,-290.0,0
S10-CON-03 nut 2,C-FST-03,C-FST-03_Nut_M8_nyloc_Z,common,../common/parts/C-FST-03_Nut_M8_nyloc_Z.step,1.0,0.0,0.0,0.0,1.0,0.0,0.0,0.0,1.0,-154.1219,143.0,-290.0,0
Rear connector chassis tab S10-CON-04,S10-CON-04A,S10-CON-04A_Rear_connector_chassis_tab,style,parts/S10-CON-04A_Rear_connector_chassis_tab.step,1.0,0.0,0.0,0.0,1.0,0.0,0.0,0.0,1.0,0.0,0.0,0.0,0
Rear connector bumper tab S10-CON-04,S10-CON-04B,S10-CON-04B_Rear_connector_bumper_tab,style,parts/S10-CON-04B_Rear_connector_bumper_tab.step,1.0,0.0,0.0,0.0,1.0,0.0,0.0,0.0,1.0,0.0,0.0,0.0,0
S10-CON-04 bolt 1,C-FST-01,C-FST-01_Bolt_M8x30_8_8_hex_Z,common,../common/parts/C-FST-01_Bolt_M8x30_8_8_hex_Z.step,1.0,0.0,0.0,0.0,1.0,0.0,0.0,0.0,1.0,-154.1219,117.0,294.0,0
S10-CON-04 bolt 2,C-FST-01,C-FST-01_Bolt_M8x30_8_8_hex_Z,common,../common/parts/C-FST-01_Bolt_M8x30_8_8_hex_Z.step,1.0,0.0,0.0,0.0,1.0,0.0,0.0,0.0,1.0,-154.1219,143.0,294.0,0
S10-CON-04 nut 1,C-FST-03,C-FST-03_Nut_M8_nyloc_Z,common,../common/parts/C-FST-03_Nut_M8_nyloc_Z.step,1.0,0.0,0.0,0.0,1.0,0.0,0.0,0.0,1.0,-154.1219,117.0,310.0,0
S10-CON-04 nut 2,C-FST-03,C-FST-03_Nut_M8_nyloc_Z,common,../common/parts/C-FST-03_Nut_M8_nyloc_Z.step,1.0,0.0,0.0,0.0,1.0,0.0,0.0,0.0,1.0,-154.1219,143.0,310.0,0
Side L connector chassis tab S10-CON-05,S10-CON-05A,S10-CON-05A_Side_L_connector_chassis_tab,style,parts/S10-CON-05A_Side_L_connector_chassis_tab.step,1.0,0.0,0.0,0.0,1.0,0.0,0.0,0.0,1.0,0.0,0.0,0.0,0
Side L connector bumper tab S10-CON-05,S10-CON-05B,S10-CON-05B_Side_L_connector_bumper_tab,style,parts/S10-CON-05B_Side_L_connector_bumper_tab.step,1.0,0.0,0.0,0.0,1.0,0.0,0.0,0.0,1.0,0.0,0.0,0.0,0
S10-CON-05 bolt 1,C-FST-02,C-FST-02_Bolt_M8x30_8_8_hex_X,common,../common/parts/C-FST-02_Bolt_M8x30_8_8_hex_X.step,1.0,0.0,0.0,0.0,1.0,0.0,0.0,0.0,1.0,294.0,117.0,-572.7752,0
S10-CON-05 bolt 2,C-FST-02,C-FST-02_Bolt_M8x30_8_8_hex_X,common,../common/parts/C-FST-02_Bolt_M8x30_8_8_hex_X.step,1.0,0.0,0.0,0.0,1.0,0.0,0.0,0.0,1.0,294.0,143.0,-572.7752,0
S10-CON-05 nut 1,C-FST-04,C-FST-04_Nut_M8_nyloc_X,common,../common/parts/C-FST-04_Nut_M8_nyloc_X.step,1.0,0.0,0.0,0.0,1.0,0.0,0.0,0.0,1.0,310.0,117.0,-572.7752,0
S10-CON-05 nut 2,C-FST-04,C-FST-04_Nut_M8_nyloc_X,common,../common/parts/C-FST-04_Nut_M8_nyloc_X.step,1.0,0.0,0.0,0.0,1.0,0.0,0.0,0.0,1.0,310.0,143.0,-572.7752,0
Side R connector chassis tab S10-CON-07,S10-CON-07A,S10-CON-07A_Side_R_connector_chassis_tab,style,parts/S10-CON-07A_Side_R_connector_chassis_tab.step,1.0,0.0,0.0,0.0,1.0,0.0,0.0,0.0,1.0,0.0,0.0,0.0,0
Side R connector bumper tab S10-CON-07,S10-CON-07B,S10-CON-07B_Side_R_connector_bumper_tab,style,parts/S10-CON-07B_Side_R_connector_bumper_tab.step,1.0,0.0,0.0,0.0,1.0,0.0,0.0,0.0,1.0,0.0,0.0,0.0,0
S10-CON-07 bolt 1,C-FST-02,C-FST-02_Bolt_M8x30_8_8_hex_X,common,../common/parts/C-FST-02_Bolt_M8x30_8_8_hex_X.step,1.0,0.0,0.0,0.0,1.0,0.0,0.0,0.0,1.0,294.0,117.0,567.4102,0
S10-CON-07 bolt 2,C-FST-02,C-FST-02_Bolt_M8x30_8_8_hex_X,common,../common/parts/C-FST-02_Bolt_M8x30_8_8_hex_X.step,1.0,0.0,0.0,0.0,1.0,0.0,0.0,0.0,1.0,294.0,143.0,567.4102,0
S10-CON-07 nut 1,C-FST-04,C-FST-04_Nut_M8_nyloc_X,common,../common/parts/C-FST-04_Nut_M8_nyloc_X.step,1.0,0.0,0.0,0.0,1.0,0.0,0.0,0.0,1.0,310.0,117.0,567.4102,0
S10-CON-07 nut 2,C-FST-04,C-FST-04_Nut_M8_nyloc_X,common,../common/parts/C-FST-04_Nut_M8_nyloc_X.step,1.0,0.0,0.0,0.0,1.0,0.0,0.0,0.0,1.0,310.0,143.0,567.4102,0
Side L connector chassis tab S10-CON-06,S10-CON-06A,S10-CON-06A_Side_L_connector_chassis_tab,style,parts/S10-CON-06A_Side_L_connector_chassis_tab.step,1.0,0.0,0.0,0.0,1.0,0.0,0.0,0.0,1.0,0.0,0.0,0.0,0
Side L connector bumper tab S10-CON-06,S10-CON-06B,S10-CON-06B_Side_L_connector_bumper_tab,style,parts/S10-CON-06B_Side_L_connector_bumper_tab.step,1.0,0.0,0.0,0.0,1.0,0.0,0.0,0.0,1.0,0.0,0.0,0.0,0
S10-CON-06 bolt 1,C-FST-02,C-FST-02_Bolt_M8x30_8_8_hex_X,common,../common/parts/C-FST-02_Bolt_M8x30_8_8_hex_X.step,1.0,0.0,0.0,0.0,1.0,0.0,0.0,0.0,1.0,534.0,117.0,-563.3922,0
S10-CON-06 bolt 2,C-FST-02,C-FST-02_Bolt_M8x30_8_8_hex_X,common,../common/parts/C-FST-02_Bolt_M8x30_8_8_hex_X.step,1.0,0.0,0.0,0.0,1.0,0.0,0.0,0.0,1.0,534.0,143.0,-563.3922,0
S10-CON-06 nut 1,C-FST-04,C-FST-04_Nut_M8_nyloc_X,common,../common/parts/C-FST-04_Nut_M8_nyloc_X.step,1.0,0.0,0.0,0.0,1.0,0.0,0.0,0.0,1.0,550.0,117.0,-563.3922,0
S10-CON-06 nut 2,C-FST-04,C-FST-04_Nut_M8_nyloc_X,common,../common/parts/C-FST-04_Nut_M8_nyloc_X.step,1.0,0.0,0.0,0.0,1.0,0.0,0.0,0.0,1.0,550.0,143.0,-563.3922,0
Side R connector chassis tab S10-CON-08,S10-CON-08A,S10-CON-08A_Side_R_connector_chassis_tab,style,parts/S10-CON-08A_Side_R_connector_chassis_tab.step,1.0,0.0,0.0,0.0,1.0,0.0,0.0,0.0,1.0,0.0,0.0,0.0,0
Side R connector bumper tab S10-CON-08,S10-CON-08B,S10-CON-08B_Side_R_connector_bumper_tab,style,parts/S10-CON-08B_Side_R_connector_bumper_tab.step,1.0,0.0,0.0,0.0,1.0,0.0,0.0,0.0,1.0,0.0,0.0,0.0,0
S10-CON-08 bolt 1,C-FST-02,C-FST-02_Bolt_M8x30_8_8_hex_X,common,../common/parts/C-FST-02_Bolt_M8x30_8_8_hex_X.step,1.0,0.0,0.0,0.0,1.0,0.0,0.0,0.0,1.0,534.0,117.0,558.0272,0
S10-CON-08 bolt 2,C-FST-02,C-FST-02_Bolt_M8x30_8_8_hex_X,common,../common/parts/C-FST-02_Bolt_M8x30_8_8_hex_X.step,1.0,0.0,0.0,0.0,1.0,0.0,0.0,0.0,1.0,534.0,143.0,558.0272,0
S10-CON-08 nut 1,C-FST-04,C-FST-04_Nut_M8_nyloc_X,common,../common/parts/C-FST-04_Nut_M8_nyloc_X.step,1.0,0.0,0.0,0.0,1.0,0.0,0.0,0.0,1.0,550.0,117.0,558.0272,0
S10-CON-08 nut 2,C-FST-04,C-FST-04_Nut_M8_nyloc_X,common,../common/parts/C-FST-04_Nut_M8_nyloc_X.step,1.0,0.0,0.0,0.0,1.0,0.0,0.0,0.0,1.0,550.0,143.0,558.0272,0
Tyre LF,C-WHL-01,C-WHL-01_Front_tyre_4_5x10_0_5_slick,common,../common/parts/C-WHL-01_Front_tyre_4_5x10_0_5_slick.step,-1.0,0.0,0.0,0.0,1.0,0.0,0.0,0.0,-1.0,1168.4,127.0,-463.55,0
Rim LF,C-WHL-03,C-WHL-03_Front_rim_5in_x_4_5,common,../common/parts/C-WHL-03_Front_rim_5in_x_4_5.step,-1.0,0.0,0.0,0.0,1.0,0.0,0.0,0.0,-1.0,1168.4,127.0,-463.55,0
Front hub LF,C-WHL-05,C-WHL-05_Front_hub_20mm,common,../common/parts/C-WHL-05_Front_hub_20mm.step,-1.0,0.0,0.0,0.0,1.0,0.0,0.0,0.0,-1.0,1168.4,127.0,-463.55,0
Tyre RF,C-WHL-01,C-WHL-01_Front_tyre_4_5x10_0_5_slick,common,../common/parts/C-WHL-01_Front_tyre_4_5x10_0_5_slick.step,1.0,0.0,0.0,0.0,1.0,0.0,0.0,0.0,1.0,1168.4,127.0,463.55,0
Rim RF,C-WHL-03,C-WHL-03_Front_rim_5in_x_4_5,common,../common/parts/C-WHL-03_Front_rim_5in_x_4_5.step,1.0,0.0,0.0,0.0,1.0,0.0,0.0,0.0,1.0,1168.4,127.0,463.55,0
Front hub RF,C-WHL-05,C-WHL-05_Front_hub_20mm,common,../common/parts/C-WHL-05_Front_hub_20mm.step,1.0,0.0,0.0,0.0,1.0,0.0,0.0,0.0,1.0,1168.4,127.0,463.55,0
Tyre LR,C-WHL-02,C-WHL-02_Rear_tyre_7_1x11_0_5_slick,common,../common/parts/C-WHL-02_Rear_tyre_7_1x11_0_5_slick.step,-1.0,0.0,0.0,0.0,1.0,0.0,0.0,0.0,-1.0,0.0,139.7,-543.56,0
Rim LR,C-WHL-04,C-WHL-04_Rear_rim_5in_x_7_1,common,../common/parts/C-WHL-04_Rear_rim_5in_x_7_1.step,-1.0,0.0,0.0,0.0,1.0,0.0,0.0,0.0,-1.0,0.0,139.7,-543.56,0
Rear hub LR,C-WHL-06,C-WHL-06_Rear_hub_40mm_keyed,common,../common/parts/C-WHL-06_Rear_hub_40mm_keyed.step,-1.0,0.0,0.0,0.0,1.0,0.0,0.0,0.0,-1.0,0.0,139.7,-543.56,0
Tyre RR,C-WHL-02,C-WHL-02_Rear_tyre_7_1x11_0_5_slick,common,../common/parts/C-WHL-02_Rear_tyre_7_1x11_0_5_slick.step,1.0,0.0,0.0,0.0,1.0,0.0,0.0,0.0,1.0,0.0,139.7,543.56,0
Rim RR,C-WHL-04,C-WHL-04_Rear_rim_5in_x_7_1,common,../common/parts/C-WHL-04_Rear_rim_5in_x_7_1.step,1.0,0.0,0.0,0.0,1.0,0.0,0.0,0.0,1.0,0.0,139.7,543.56,0
Rear hub RR,C-WHL-06,C-WHL-06_Rear_hub_40mm_keyed,common,../common/parts/C-WHL-06_Rear_hub_40mm_keyed.step,1.0,0.0,0.0,0.0,1.0,0.0,0.0,0.0,1.0,0.0,139.7,543.56,0
Knuckle L,S10-STR-11,S10-STR-11_Steering_knuckle_left,style,parts/S10-STR-11_Steering_knuckle_left.step,1.0,0.0,0.0,0.0,1.0,0.0,0.0,0.0,1.0,0.0,0.0,0.0,0
Tie rod L,S10-STR-13,S10-STR-13_Tie_rod_left_C_C_263,style,parts/S10-STR-13_Tie_rod_left_C_C_263.step,1.0,0.0,0.0,0.0,1.0,0.0,0.0,0.0,1.0,0.0,0.0,0.0,0
King pin bolt L,C-STR-06,C-STR-06_King_pin_bolt_M10x130_nyloc,common,../common/parts/C-STR-06_King_pin_bolt_M10x130_nyloc.step,1.0,0.0,0.0,0.0,1.0,0.0,0.0,0.0,1.0,1168.4,127.0,-374.15,0
Knuckle R,S10-STR-12,S10-STR-12_Steering_knuckle_right,style,parts/S10-STR-12_Steering_knuckle_right.step,1.0,0.0,0.0,0.0,1.0,0.0,0.0,0.0,1.0,0.0,0.0,0.0,0
Tie rod R,S10-STR-14,S10-STR-14_Tie_rod_right_C_C_383,style,parts/S10-STR-14_Tie_rod_right_C_C_383.step,1.0,0.0,0.0,0.0,1.0,0.0,0.0,0.0,1.0,0.0,0.0,0.0,0
King pin bolt R,C-STR-06,C-STR-06_King_pin_bolt_M10x130_nyloc,common,../common/parts/C-STR-06_King_pin_bolt_M10x130_nyloc.step,1.0,0.0,0.0,0.0,1.0,0.0,0.0,0.0,1.0,1168.4,127.0,374.15,0
Steering column,C-STR-01,C-STR-01_Steering_column_22x3,common,../common/parts/C-STR-01_Steering_column_22x3.step,1.0,0.0,0.0,0.0,1.0,0.0,0.0,0.0,1.0,1068.0548,157.4804,-60.0,0
Steering wheel,C-STR-02,C-STR-02_Steering_wheel_280_OD_round,common,../common/parts/C-STR-02_Steering_wheel_280_OD_round.step,1.0,0.0,0.0,0.0,1.0,0.0,0.0,0.0,1.0,1068.0548,157.4804,-60.0,0
Pitman arm,C-STR-03,C-STR-03_Pitman_steering_arm_8mm,common,../common/parts/C-STR-03_Pitman_steering_arm_8mm.step,1.0,0.0,0.0,0.0,1.0,0.0,0.0,0.0,1.0,1068.0548,157.4804,-60.0,0
Column upper bracket,C-STR-04,C-STR-04_Column_upper_bearing_bracket,common,../common/parts/C-STR-04_Column_upper_bearing_bracket.step,1.0,0.0,0.0,0.0,1.0,0.0,0.0,0.0,1.0,1068.0548,157.4804,-60.0,0
Column lower bracket,C-STR-05,C-STR-05_Column_lower_bracket_with_steering_stops,common,../common/parts/C-STR-05_Column_lower_bracket_with_steering_stops.step,1.0,0.0,0.0,0.0,1.0,0.0,0.0,0.0,1.0,1068.0548,157.4804,-60.0,0
Rear axle,S10-DRV-01,S10-DRV-01_Rear_axle_40x4_L1147,style,parts/S10-DRV-01_Rear_axle_40x4_L1147.step,1.0,0.0,0.0,0.0,1.0,0.0,0.0,0.0,1.0,0.0,139.7,0.0,0
Bearing hanger Z-420,C-DRV-03,C-DRV-03_Axle_bearing_hanger_plate_6mm,common,../common/parts/C-DRV-03_Axle_bearing_hanger_plate_6mm.step,1.0,0.0,0.0,0.0,1.0,0.0,0.0,0.0,1.0,0.0,0.0,-420.0,0
Axle bearing Z-420,C-DRV-02,C-DRV-02_Axle_bearing_40mm_3_bolt_flange,common,../common/parts/C-DRV-02_Axle_bearing_40mm_3_bolt_flange.step,1.0,0.0,0.0,0.0,1.0,0.0,0.0,0.0,1.0,0.0,139.7,-412.0,0
Bearing hanger Z80,C-DRV-03,C-DRV-03_Axle_bearing_hanger_plate_6mm,common,../common/parts/C-DRV-03_Axle_bearing_hanger_plate_6mm.step,1.0,0.0,0.0,0.0,1.0,0.0,0.0,0.0,1.0,0.0,0.0,80.0,0
Axle bearing Z80,C-DRV-02,C-DRV-02_Axle_bearing_40mm_3_bolt_flange,common,../common/parts/C-DRV-02_Axle_bearing_40mm_3_bolt_flange.step,1.0,0.0,0.0,0.0,1.0,0.0,0.0,0.0,1.0,0.0,139.7,88.0,0
Bearing hanger Z420,C-DRV-03,C-DRV-03_Axle_bearing_hanger_plate_6mm,common,../common/parts/C-DRV-03_Axle_bearing_hanger_plate_6mm.step,1.0,0.0,0.0,0.0,1.0,0.0,0.0,0.0,1.0,0.0,0.0,420.0,0
Axle bearing Z420,C-DRV-02,C-DRV-02_Axle_bearing_40mm_3_bolt_flange,common,../common/parts/C-DRV-02_Axle_bearing_40mm_3_bolt_flange.step,1.0,0.0,0.0,0.0,1.0,0.0,0.0,0.0,1.0,0.0,139.7,428.0,0
Axle sprocket,C-DRV-05,C-DRV-05_Axle_sprocket_34T_428,common,../common/parts/C-DRV-05_Axle_sprocket_34T_428.step,1.0,0.0,0.0,0.0,1.0,0.0,0.0,0.0,1.0,0.0,139.7,190.0,0
Sprocket carrier,C-DRV-06,C-DRV-06_Sprocket_carrier_40mm_keyed,common,../common/parts/C-DRV-06_Sprocket_carrier_40mm_keyed.step,1.0,0.0,0.0,0.0,1.0,0.0,0.0,0.0,1.0,0.0,139.7,204.5,0
Engine sprocket,C-DRV-04,C-DRV-04_Engine_sprocket_14T_428,common,../common/parts/C-DRV-04_Engine_sprocket_14T_428.step,1.0,0.0,0.0,0.0,1.0,0.0,0.0,0.0,1.0,247.6,230.0,190.0,0
Chain,C-DRV-07,C-DRV-07_Chain_428_66_links,common,../common/parts/C-DRV-07_Chain_428_66_links.step,1.0,0.0,0.0,0.0,1.0,0.0,0.0,0.0,1.0,0.0,139.7,190.0,0
Scatter shield,C-DRV-08,C-DRV-08_Scatter_shield_chain_guard,common,../common/parts/C-DRV-08_Scatter_shield_chain_guard.step,1.0,0.0,0.0,0.0,1.0,0.0,0.0,0.0,1.0,0.0,139.7,190.0,0
Brake disc,C-BRK-01,C-BRK-01_Brake_disc_180x5,common,../common/parts/C-BRK-01_Brake_disc_180x5.step,1.0,0.0,0.0,0.0,1.0,0.0,0.0,0.0,1.0,0.0,139.7,-250.0,0
Disc carrier,C-BRK-02,C-BRK-02_Disc_carrier_40mm_keyed,common,../common/parts/C-BRK-02_Disc_carrier_40mm_keyed.step,1.0,0.0,0.0,0.0,1.0,0.0,0.0,0.0,1.0,0.0,139.7,-256.5,0
Brake caliper,C-BRK-03,C-BRK-03_Brake_caliper_twin_piston,common,../common/parts/C-BRK-03_Brake_caliper_twin_piston.step,1.0,0.0,0.0,0.0,1.0,0.0,0.0,0.0,1.0,0.0,139.7,-250.0,0
Caliper bracket,C-BRK-04,C-BRK-04_Caliper_mounting_bracket_6mm,common,../common/parts/C-BRK-04_Caliper_mounting_bracket_6mm.step,1.0,0.0,0.0,0.0,1.0,0.0,0.0,0.0,1.0,0.0,139.7,-250.0,0
Master cylinder,C-BRK-05,C-BRK-05_Brake_master_cylinder_5_8in_with_reservoir,common,../common/parts/C-BRK-05_Brake_master_cylinder_5_8in_with_reservoir.step,1.0,0.0,0.0,0.0,1.0,0.0,0.0,0.0,1.0,0.0,0.0,0.0,0
MC bracket,C-BRK-06,C-BRK-06_Master_cylinder_bracket,common,../common/parts/C-BRK-06_Master_cylinder_bracket.step,1.0,0.0,0.0,0.0,1.0,0.0,0.0,0.0,1.0,0.0,0.0,0.0,0
Brake over-travel switch,C-BRK-07,C-BRK-07_Brake_over_travel_switch,common,../common/parts/C-BRK-07_Brake_over_travel_switch.step,1.0,0.0,0.0,0.0,1.0,0.0,0.0,0.0,1.0,0.0,0.0,0.0,0
Brake line,S10-BRK-08,S10-BRK-08_Brake_line_3_16in_braided,style,parts/S10-BRK-08_Brake_line_3_16in_braided.step,1.0,0.0,0.0,0.0,1.0,0.0,0.0,0.0,1.0,0.0,0.0,0.0,0
Clutch pedal,C-PED-01,C-PED-01_Clutch_pedal,common,../common/parts/C-PED-01_Clutch_pedal.step,1.0,0.0,0.0,0.0,1.0,0.0,0.0,0.0,1.0,0.0,0.0,0.0,0
Brake pedal,C-PED-02,C-PED-02_Brake_pedal,common,../common/parts/C-PED-02_Brake_pedal.step,1.0,0.0,0.0,0.0,1.0,0.0,0.0,0.0,1.0,0.0,0.0,0.0,0
Throttle pedal,C-PED-03,C-PED-03_Throttle_pedal,common,../common/parts/C-PED-03_Throttle_pedal.step,1.0,0.0,0.0,0.0,1.0,0.0,0.0,0.0,1.0,0.0,0.0,0.0,0
Pedal shaft & hangers,C-PED-04,C-PED-04_Pedal_shaft_hangers_and_pedal_stops,common,../common/parts/C-PED-04_Pedal_shaft_hangers_and_pedal_stops.step,1.0,0.0,0.0,0.0,1.0,0.0,0.0,0.0,1.0,0.0,0.0,0.0,0
Engine Yamaha R15 V2,C-ENG-01,C-ENG-01_Yamaha_R15_V2_engine_envelope_150cc,common,../common/parts/C-ENG-01_Yamaha_R15_V2_engine_envelope_150cc.step,1.0,0.0,0.0,0.0,1.0,0.0,0.0,0.0,1.0,247.6,230.0,190.0,0
Engine mount -30/75,C-ENG-02,C-ENG-02_Engine_mount_bracket_5mm_isolator,common,../common/parts/C-ENG-02_Engine_mount_bracket_5mm_isolator.step,1.0,0.0,0.0,0.0,1.0,0.0,0.0,0.0,1.0,217.6,95.0,265.0,0
Engine isolator -30/75,C-ENG-03,C-ENG-03_Anti_vibration_rubber_mount_34x15,common,../common/parts/C-ENG-03_Anti_vibration_rubber_mount_34x15.step,1.0,0.0,0.0,0.0,1.0,0.0,0.0,0.0,1.0,217.6,95.0,265.0,0
Engine mount -30/255,C-ENG-02,C-ENG-02_Engine_mount_bracket_5mm_isolator,common,../common/parts/C-ENG-02_Engine_mount_bracket_5mm_isolator.step,1.0,0.0,0.0,0.0,1.0,0.0,0.0,0.0,1.0,217.6,95.0,445.0,0
Engine isolator -30/255,C-ENG-03,C-ENG-03_Anti_vibration_rubber_mount_34x15,common,../common/parts/C-ENG-03_Anti_vibration_rubber_mount_34x15.step,1.0,0.0,0.0,0.0,1.0,0.0,0.0,0.0,1.0,217.6,95.0,445.0,0
Engine mount 250/75,C-ENG-02,C-ENG-02_Engine_mount_bracket_5mm_isolator,common,../common/parts/C-ENG-02_Engine_mount_bracket_5mm_isolator.step,1.0,0.0,0.0,0.0,1.0,0.0,0.0,0.0,1.0,497.6,95.0,265.0,0
Engine isolator 250/75,C-ENG-03,C-ENG-03_Anti_vibration_rubber_mount_34x15,common,../common/parts/C-ENG-03_Anti_vibration_rubber_mount_34x15.step,1.0,0.0,0.0,0.0,1.0,0.0,0.0,0.0,1.0,497.6,95.0,265.0,0
Engine mount 250/255,C-ENG-02,C-ENG-02_Engine_mount_bracket_5mm_isolator,common,../common/parts/C-ENG-02_Engine_mount_bracket_5mm_isolator.step,1.0,0.0,0.0,0.0,1.0,0.0,0.0,0.0,1.0,497.6,95.0,445.0,0
Engine isolator 250/255,C-ENG-03,C-ENG-03_Anti_vibration_rubber_mount_34x15,common,../common/parts/C-ENG-03_Anti_vibration_rubber_mount_34x15.step,1.0,0.0,0.0,0.0,1.0,0.0,0.0,0.0,1.0,497.6,95.0,445.0,0
Exhaust header,C-EXH-01,C-EXH-01_Exhaust_header_32mm,common,../common/parts/C-EXH-01_Exhaust_header_32mm.step,1.0,0.0,0.0,0.0,1.0,0.0,0.0,0.0,1.0,0.0,0.0,0.0,0
Silencer,C-EXH-02,C-EXH-02_Silencer_with_rear_outlet,common,../common/parts/C-EXH-02_Silencer_with_rear_outlet.step,1.0,0.0,0.0,0.0,1.0,0.0,0.0,0.0,1.0,0.0,0.0,0.0,0
Heat shield,C-EXH-03,C-EXH-03_Exhaust_heat_shield,common,../common/parts/C-EXH-03_Exhaust_heat_shield.step,1.0,0.0,0.0,0.0,1.0,0.0,0.0,0.0,1.0,0.0,0.0,0.0,0
Gear lever,C-GEA-01,C-GEA-01_Gear_lever_with_linkage,common,../common/parts/C-GEA-01_Gear_lever_with_linkage.step,1.0,0.0,0.0,0.0,1.0,0.0,0.0,0.0,1.0,0.0,0.0,0.0,0
Radiator,C-COL-01,C-COL-01_Radiator_with_electric_fan,common,../common/parts/C-COL-01_Radiator_with_electric_fan.step,1.0,0.0,0.0,0.0,1.0,0.0,0.0,0.0,1.0,0.0,0.0,0.0,0
Coolant bottle,C-COL-02,C-COL-02_Coolant_reservoir_bottle,common,../common/parts/C-COL-02_Coolant_reservoir_bottle.step,1.0,0.0,0.0,0.0,1.0,0.0,0.0,0.0,1.0,0.0,0.0,0.0,0
Fuel tank,C-FUE-01,C-FUE-01_Fuel_tank_2_79L_aluminium,common,../common/parts/C-FUE-01_Fuel_tank_2_79L_aluminium.step,1.0,0.0,0.0,0.0,1.0,0.0,0.0,0.0,1.0,0.0,0.0,0.0,0
Fuel tank tray,C-FUE-02,C-FUE-02_Fuel_tank_tray_and_straps,common,../common/parts/C-FUE-02_Fuel_tank_tray_and_straps.step,1.0,0.0,0.0,0.0,1.0,0.0,0.0,0.0,1.0,0.0,0.0,0.0,0
Fuel line,C-FUE-03,C-FUE-03_Fuel_line_8mm_with_clamps,common,../common/parts/C-FUE-03_Fuel_line_8mm_with_clamps.step,1.0,0.0,0.0,0.0,1.0,0.0,0.0,0.0,1.0,0.0,0.0,0.0,0
Battery,C-ELE-01,C-ELE-01_12V_5Ah_sealed_battery,common,../common/parts/C-ELE-01_12V_5Ah_sealed_battery.step,1.0,0.0,0.0,0.0,1.0,0.0,0.0,0.0,1.0,0.0,0.0,0.0,0
Battery tray,C-ELE-02,C-ELE-02_Battery_and_ECU_tray,common,../common/parts/C-ELE-02_Battery_and_ECU_tray.step,1.0,0.0,0.0,0.0,1.0,0.0,0.0,0.0,1.0,0.0,0.0,0.0,0
ECU & fuse box,C-ELE-03,C-ELE-03_ECU_and_fuse_box_blade_fuses,common,../common/parts/C-ELE-03_ECU_and_fuse_box_blade_fuses.step,1.0,0.0,0.0,0.0,1.0,0.0,0.0,0.0,1.0,0.0,0.0,0.0,0
Firewall side,C-FWL-01,C-FWL-01_Firewall_side_panel_1_5mm,common,../common/parts/C-FWL-01_Firewall_side_panel_1_5mm.step,1.0,0.0,0.0,0.0,1.0,0.0,0.0,0.0,1.0,0.0,0.0,0.0,0
Firewall rear,C-FWL-02,C-FWL-02_Firewall_rear_panel_1_5mm,common,../common/parts/C-FWL-02_Firewall_rear_panel_1_5mm.step,1.0,0.0,0.0,0.0,1.0,0.0,0.0,0.0,1.0,0.0,0.0,0.0,0
Anti-intrusion plate,C-FWL-03,C-FWL-03_Anti_intrusion_plate_2mm,common,../common/parts/C-FWL-03_Anti_intrusion_plate_2mm.step,1.0,0.0,0.0,0.0,1.0,0.0,0.0,0.0,1.0,0.0,0.0,0.0,0
Seat,C-SEA-01,C-SEA-01_Bucket_seat_360_fibreglass,common,../common/parts/C-SEA-01_Bucket_seat_360_fibreglass.step,1.0,0.0,0.0,0.0,1.0,0.0,0.0,0.0,1.0,0.0,0.0,0.0,0
Fire extinguisher,C-SAF-04,C-SAF-04_Fire_extinguisher_1kg_ABC,common,../common/parts/C-SAF-04_Fire_extinguisher_1kg_ABC.step,1.0,0.0,0.0,0.0,1.0,0.0,0.0,0.0,1.0,0.0,0.0,0.0,0
Extinguisher bracket,C-SAF-05,C-SAF-05_Extinguisher_quick_release_bracket,common,../common/parts/C-SAF-05_Extinguisher_quick_release_bracket.step,1.0,0.0,0.0,0.0,1.0,0.0,0.0,0.0,1.0,0.0,0.0,0.0,0
Seat front mount -1,C-SEA-02,C-SEA-02_Seat_front_mount_block,common,../common/parts/C-SEA-02_Seat_front_mount_block.step,1.0,0.0,0.0,0.0,1.0,0.0,0.0,0.0,1.0,620.0,63.5,-180.0,0
Seat rear mount -1,C-SEA-03,C-SEA-03_Seat_back_mount_tab,common,../common/parts/C-SEA-03_Seat_back_mount_tab.step,1.0,0.0,0.0,0.0,1.0,0.0,0.0,0.0,1.0,55.6016,400.0,-180.0,0
Seat front mount 1,C-SEA-02,C-SEA-02_Seat_front_mount_block,common,../common/parts/C-SEA-02_Seat_front_mount_block.step,1.0,0.0,0.0,0.0,1.0,0.0,0.0,0.0,1.0,620.0,63.5,60.0,0
Seat rear mount 1,C-SEA-03,C-SEA-03_Seat_back_mount_tab,common,../common/parts/C-SEA-03_Seat_back_mount_tab.step,1.0,0.0,0.0,0.0,1.0,0.0,0.0,0.0,1.0,55.6016,400.0,60.0,0
Kill switch tab driver (dash),C-SAF-02,C-SAF-02_Kill_switch_mounting_hinge_tab,common,../common/parts/C-SAF-02_Kill_switch_mounting_hinge_tab.step,1.0,0.0,0.0,0.0,1.0,0.0,0.0,0.0,1.0,772.8372,318.7,-235.0,0
Kill switch driver (dash),C-SAF-01,C-SAF-01_Kill_switch_enclosure,common,../common/parts/C-SAF-01_Kill_switch_enclosure.step,1.0,0.0,0.0,0.0,1.0,0.0,0.0,0.0,1.0,772.8372,318.7,-235.0,0
Kill switch head driver (dash),C-SAF-01B,C-SAF-01B_Kill_switch_red_mushroom_head,common,../common/parts/C-SAF-01B_Kill_switch_red_mushroom_head.step,1.0,0.0,0.0,0.0,1.0,0.0,0.0,0.0,1.0,772.8372,318.7,-235.0,0
Kill switch tab roll hoop left,C-SAF-02,C-SAF-02_Kill_switch_mounting_hinge_tab,common,../common/parts/C-SAF-02_Kill_switch_mounting_hinge_tab.step,1.0,0.0,0.0,0.0,1.0,0.0,0.0,0.0,1.0,-48.091,650.0,-342.7,0
Kill switch roll hoop left,C-SAF-01,C-SAF-01_Kill_switch_enclosure,common,../common/parts/C-SAF-01_Kill_switch_enclosure.step,1.0,0.0,0.0,0.0,1.0,0.0,0.0,0.0,1.0,-48.091,650.0,-342.7,0
Kill switch head roll hoop left,C-SAF-01B,C-SAF-01B_Kill_switch_red_mushroom_head,common,../common/parts/C-SAF-01B_Kill_switch_red_mushroom_head.step,1.0,0.0,0.0,0.0,1.0,0.0,0.0,0.0,1.0,-48.091,650.0,-342.7,0
Kill switch tab roll hoop right,C-SAF-02,C-SAF-02_Kill_switch_mounting_hinge_tab,common,../common/parts/C-SAF-02_Kill_switch_mounting_hinge_tab.step,1.0,0.0,0.0,0.0,1.0,0.0,0.0,0.0,1.0,-48.091,650.0,202.7,0
Kill switch roll hoop right,C-SAF-01,C-SAF-01_Kill_switch_enclosure,common,../common/parts/C-SAF-01_Kill_switch_enclosure.step,1.0,0.0,0.0,0.0,1.0,0.0,0.0,0.0,1.0,-48.091,650.0,202.7,0
Kill switch head roll hoop right,C-SAF-01B,C-SAF-01B_Kill_switch_red_mushroom_head,common,../common/parts/C-SAF-01B_Kill_switch_red_mushroom_head.step,1.0,0.0,0.0,0.0,1.0,0.0,0.0,0.0,1.0,-48.091,650.0,202.7,0
Brake light,C-SAF-03,C-SAF-03_Brake_light_LED_red,common,../common/parts/C-SAF-03_Brake_light_LED_red.step,1.0,0.0,0.0,0.0,1.0,0.0,0.0,0.0,1.0,-130.4127,1060.0,-70.0,0
Brake light lens,C-SAF-03L,C-SAF-03L_Brake_light_lens,common,../common/parts/C-SAF-03L_Brake_light_lens.step,1.0,0.0,0.0,0.0,1.0,0.0,0.0,0.0,1.0,-130.4127,1060.0,-70.0,0
Front hitch point,C-HIT-01,C-HIT-01_Hitch_eye_8mm_yellow,common,../common/parts/C-HIT-01_Hitch_eye_8mm_yellow.step,1.0,0.0,0.0,0.0,1.0,0.0,0.0,0.0,1.0,1302.7,50.8,-60.0,0
Rear hitch point,C-HIT-01,C-HIT-01_Hitch_eye_8mm_yellow,common,../common/parts/C-HIT-01_Hitch_eye_8mm_yellow.step,-1.0,0.0,0.0,0.0,1.0,0.0,0.0,0.0,-1.0,-137.7,50.8,-60.0,0
Nose,S10-BOD-01,S10-BOD-01_Nose_front_panel_wedge,style,parts/S10-BOD-01_Nose_front_panel_wedge.step,1.0,0.0,0.0,0.0,1.0,0.0,0.0,0.0,1.0,0.0,0.0,0.0,0
Side pod L,S10-BOD-02,S10-BOD-02_Side_pod_left_wedge,style,parts/S10-BOD-02_Side_pod_left_wedge.step,1.0,0.0,0.0,0.0,1.0,0.0,0.0,0.0,1.0,0.0,0.0,0.0,0
Side pod R,S10-BOD-03,S10-BOD-03_Side_pod_right_wedge,style,parts/S10-BOD-03_Side_pod_right_wedge.step,1.0,0.0,0.0,0.0,1.0,0.0,0.0,0.0,1.0,0.0,0.0,0.0,0
Rear panel,S10-BOD-04,S10-BOD-04_Rear_panel,style,parts/S10-BOD-04_Rear_panel.step,1.0,0.0,0.0,0.0,1.0,0.0,0.0,0.0,1.0,0.0,0.0,0.0,0
Number sticker front,C-BOD-01,C-BOD-01_Kart_number_sticker_6in_yellow_X,common,../common/parts/C-BOD-01_Kart_number_sticker_6in_yellow_X.step,1.0,0.0,0.0,0.0,1.0,0.0,0.0,0.0,1.0,1358.1,225.0,0.0,0
Number sticker left,C-BOD-02,C-BOD-02_Kart_number_sticker_6in_yellow_Z,common,../common/parts/C-BOD-02_Kart_number_sticker_6in_yellow_Z.step,-1.0,0.0,0.0,0.0,1.0,0.0,0.0,0.0,-1.0,584.2,181.0,-654.03,0
Number sticker right,C-BOD-02,C-BOD-02_Kart_number_sticker_6in_yellow_Z,common,../common/parts/C-BOD-02_Kart_number_sticker_6in_yellow_Z.step,1.0,0.0,0.0,0.0,1.0,0.0,0.0,0.0,1.0,584.2,181.0,654.03,0
Number sticker rear,C-BOD-01,C-BOD-01_Kart_number_sticker_6in_yellow_X,common,../common/parts/C-BOD-01_Kart_number_sticker_6in_yellow_X.step,-1.0,0.0,0.0,0.0,1.0,0.0,0.0,0.0,-1.0,-157.8,232.0,0.0,0
REF driver,S10-REF-01,S10-REF-01_REF_driver_175cm_not_manufactured,style,parts/S10-REF-01_REF_driver_175cm_not_manufactured.step,1.0,0.0,0.0,0.0,1.0,0.0,0.0,0.0,1.0,0.0,0.0,0.0,1
